from,to,type,distance
AJA,AMS,C,120
AJA,BCN,C,72
AJA,BES,D,125
AJA,BEY,I,217
AJA,BIA,D,37
AJA,BIQ,D,95
AJA,BOD,D,93
AJA,CDG,D,100
AJA,CFE,D,77
AJA,CMN,I,159
AJA,CTA,C,85
AJA,DUB,C,158
AJA,DUS,C,109
AJA,FCO,C,51
AJA,FRA,C,98
AJA,GVA,C,69
AJA,IST,I,155
AJA,LCY,C,124
AJA,LHR,C,126
AJA,LIG,D,86
AJA,LIL,D,109
AJA,LIS,C,147
AJA,LYS,D,95
AJA,MAD,C,109
AJA,MLH,D,78
AJA,MPL,D,63
AJA,MRS,D,55
AJA,MUC,C,85
AJA,MXP,C,61
AJA,NCE,D,55
AJA,NTE,D,106
AJA,ORY,D,100
AJA,PMO,C,73
AJA,PRG,C,105
AJA,PUF,D,88
AJA,RNS,D,111
AJA,SVO,I,224
AJA,SXB,D,86
AJA,TLS,D,78
AJA,TUN,I,73
AJA,VCE,C,66
AJA,VIE,C,99
AJA,ZRH,C,76
AMS,AJA,C,120
AMS,BCN,C,124
AMS,BES,C,89
AMS,BEY,I,269
AMS,BIA,C,116
AMS,BIQ,C,112
AMS,BOD,C,110
AMS,CDG,C,85
AMS,CFE,C,90
AMS,CMN,I,205
AMS,CTA,C,168
AMS,DUB,C,87
AMS,DUS,C,43
AMS,FCO,C,127
AMS,FRA,C,57
AMS,GVA,C,82
AMS,IST,I,196
AMS,LCY,C,56
AMS,LHR,C,59
AMS,LIG,C,88
AMS,LIL,C,48
AMS,LIS,C,169
AMS,LYS,C,100
AMS,MAD,C,140
AMS,MLH,C,72
AMS,MPL,C,103
AMS,MRS,C,120
AMS,MUC,C,81
AMS,MXP,C,90
AMS,NCE,C,125
AMS,NTE,C,86
AMS,ORY,C,63
AMS,PMO,C,159
AMS,PRG,C,83
AMS,PUF,C,111
AMS,RNS,C,80
AMS,SVO,I,190
AMS,SXB,C,65
AMS,TLS,C,120
AMS,TUN,I,163
AMS,VCE,C,101
AMS,VIE,C,101
AMS,ZRH,C,75
BCN,AJA,C,72
BCN,AMS,C,124
BCN,BES,C,101
BCN,BEY,I,258
BCN,BIA,C,77
BCN,BIQ,C,59
BCN,BOD,C,70
BCN,CDG,C,115
BCN,CFE,C,68
BCN,CMN,I,122
BCN,CTA,C,120
BCN,DUB,C,142
BCN,DUS,C,118
BCN,FCO,C,93
BCN,FRA,C,112
BCN,GVA,C,78
BCN,IST,I,197
BCN,LCY,C,116
BCN,LHR,C,116
BCN,LIG,C,69
BCN,LIL,C,108
BCN,LIS,C,105
BCN,LYS,C,80
BCN,MAD,C,66
BCN,MLH,C,92
BCN,MPL,C,52
BCN,MRS,C,60
BCN,MUC,C,111
BCN,MXP,C,84
BCN,NCE,C,67
BCN,NTE,C,84
BCN,ORY,C,92
BCN,PMO,C,107
BCN,PRG,C,132
BCN,PUF,C,53
BCN,RNS,C,91
BCN,SVO,I,257
BCN,SXB,C,99
BCN,TLS,C,50
BCN,TUN,I,95
BCN,VCE,C,101
BCN,VIE,C,133
BCN,ZRH,C,94
BES,AJA,D,125
BES,AMS,C,89
BES,BCN,C,101
BES,BEY,I,305
BES,BIA,D,125
BES,BIQ,D,75
BES,BOD,D,67
BES,CDG,D,80
BES,CFE,D,78
BES,CMN,I,157
BES,CTA,C,180
BES,DUB,C,73
BES,DUS,C,94
BES,FCO,C,142
BES,FRA,C,102
BES,GVA,C,92
BES,IST,I,235
BES,LCY,C,65
BES,LHR,C,62
BES,LIG,D,68
BES,LIL,D,74
BES,LIS,C,116
BES,LYS,D,95
BES,MAD,C,97
BES,MLH,D,97
BES,MPL,D,93
BES,MRS,D,100
BES,MUC,C,119
BES,MXP,C,108
BES,NCE,D,110
BES,NTE,D,45
BES,ORY,D,75
BES,PMO,C,168
BES,PRG,C,133
BES,PUF,D,79
BES,RNS,D,45
BES,SVO,I,249
BES,SXB,D,97
BES,TLS,D,82
BES,TUN,I,162
BES,VCE,C,129
BES,VIE,C,146
BES,ZRH,C,103
BEY,AJA,I,217
BEY,AMS,I,269
BEY,BCN,I,258
BEY,BES,I,305
BEY,BIA,I,215
BEY,BIQ,I,282
BEY,BOD,I,279
BEY,CDG,I,285
BEY,CFE,I,258
BEY,CMN,I,327
BEY,CTA,I,171
BEY,DUB,I,324
BEY,DUS,I,256
BEY,FCO,I,196
BEY,FRA,I,243
BEY,GVA,I,243
BEY,IST,I,104
BEY,LCY,I,289
BEY,LHR,I,292
BEY,LIG,I,269
BEY,LIL,I,271
BEY,LIS,I,330
BEY,LYS,I,248
BEY,MAD,I,293
BEY,MLH,I,239
BEY,MPL,I,249
BEY,MRS,I,242
BEY,MUC,I,220
BEY,MXP,I,227
BEY,NCE,I,230
BEY,NTE,I,287
BEY,ORY,I,269
BEY,PMO,I,183
BEY,PRG,I,217
BEY,PUF,I,275
BEY,RNS,I,290
BEY,SVO,I,215
BEY,SXB,I,242
BEY,TLS,I,265
BEY,TUN,I,203
BEY,VCE,I,206
BEY,VIE,I,198
BEY,ZRH,I,233
BIA,AJA,D,37
BIA,AMS,C,116
BIA,BCN,C,77
BIA,BES,D,125
BIA,BEY,I,215
BIA,BIQ,D,98
BIA,BOD,D,94
BIA,CDG,D,97
BIA,CFE,D,76
BIA,CMN,I,166
BIA,CTA,C,85
BIA,DUB,C,156
BIA,DUS,C,105
BIA,FCO,C,48
BIA,FRA,C,93
BIA,GVA,C,67
BIA,IST,I,151
BIA,LCY,C,122
BIA,LHR,C,124
BIA,LIG,D,87
BIA,LIL,D,106
BIA,LIS,C,152
BIA,LYS,D,90
BIA,MAD,C,113
BIA,MLH,D,74
BIA,MPL,D,65
BIA,MRS,D,55
BIA,MUC,C,78
BIA,MXP,C,56
BIA,NCE,D,55
BIA,NTE,D,106
BIA,ORY,D,95
BIA,PMO,C,74
BIA,PRG,C,99
BIA,PUF,D,91
BIA,RNS,D,110
BIA,SVO,I,217
BIA,SXB,D,81
BIA,TLS,D,80
BIA,TUN,I,78
BIA,VCE,C,60
BIA,VIE,C,92
BIA,ZRH,C,71
BIQ,AJA,D,95
BIQ,AMS,C,112
BIQ,BCN,C,59
BIQ,BES,D,75
BIQ,BEY,I,282
BIQ,BIA,D,98
BIQ,BOD,D,42
BIQ,CDG,D,90
BIQ,CFE,D,65
BIQ,CMN,I,123
BIQ,CTA,C,146
BIQ,DUB,C,117
BIQ,DUS,C,110
BIQ,FCO,C,116
BIQ,FRA,C,109
BIQ,GVA,C,81
BIQ,IST,I,218
BIQ,LCY,C,98
BIQ,LHR,C,97
BIQ,LIG,D,56
BIQ,LIL,D,95
BIQ,LIS,C,92
BIQ,LYS,D,80
BIQ,MAD,C,58
BIQ,MLH,D,93
BIQ,MPL,D,63
BIQ,MRS,D,71
BIQ,MUC,C,116
BIQ,MXP,C,94
BIQ,NCE,D,83
BIQ,NTE,D,61
BIQ,ORY,D,80
BIQ,PMO,C,134
BIQ,PRG,C,136
BIQ,PUF,D,37
BIQ,RNS,D,68
BIQ,SVO,I,261
BIQ,SXB,D,98
BIQ,TLS,D,48
BIQ,TUN,I,123
BIQ,VCE,C,114
BIQ,VIE,C,142
BIQ,ZRH,C,98
BOD,AJA,D,93
BOD,AMS,C,110
BOD,BCN,C,70
BOD,BES,D,67
BOD,BEY,I,279
BOD,BIA,D,94
BOD,BIQ,D,42
BOD,CDG,D,85
BOD,CFE,D,55
BOD,CMN,I,135
BOD,CTA,C,146
BOD,DUB,C,108
BOD,DUS,C,98
BOD,FCO,C,113
BOD,FRA,C,98
BOD,GVA,C,85
BOD,IST,I,212
BOD,LCY,C,86
BOD,LHR,C,86
BOD,LIG,D,44
BOD,LIL,D,85
BOD,LIS,C,105
BOD,LYS,D,70
BOD,MAD,C,75
BOD,MLH,D,85
BOD,MPL,D,60
BOD,MRS,D,65
BOD,MUC,C,106
BOD,MXP,C,86
BOD,NCE,D,75
BOD,NTE,D,55
BOD,ORY,D,70
BOD,PMO,C,134
BOD,PRG,C,126
BOD,PUF,D,43
BOD,RNS,D,65
BOD,SVO,I,250
BOD,SXB,D,85
BOD,TLS,D,46
BOD,TUN,I,126
BOD,VCE,C,107
BOD,VIE,C,133
BOD,ZRH,C,88
CDG,AJA,D,100
CDG,AMS,C,85
CDG,BCN,C,105
CDG,BES,D,75
CDG,BEY,I,260
CDG,BIA,D,97
CDG,BIQ,D,85
CDG,BOD,D,80
CDG,CFE,D,60
CDG,CMN,I,185
CDG,CTA,C,153
CDG,DUB,C,120
CDG,DUS,C,75
CDG,FCO,C,130
CDG,FRA,C,85
CDG,GVA,C,70
CDG,IST,I,200
CDG,LCY,C,65
CDG,LHR,C,85
CDG,LIG,D,75
CDG,LIL,D,43
CDG,LIS,C,150
CDG,LYS,D,75
CDG,MAD,C,125
CDG,MLH,D,70
CDG,MPL,D,85
CDG,MRS,D,85
CDG,MUC,C,95
CDG,MXP,C,105
CDG,NCE,D,95
CDG,NTE,D,65
CDG,ORY,D,33
CDG,PMO,C,142
CDG,PRG,C,110
CDG,PUF,D,90
CDG,RNS,D,65
CDG,SVO,I,235
CDG,SXB,D,70
CDG,TLS,D,85
CDG,TUN,I,150
CDG,VCE,C,105
CDG,VIE,C,130
CDG,ZRH,C,100
CFE,AJA,D,77
CFE,AMS,C,90
CFE,BCN,C,68
CFE,BES,D,78
CFE,BEY,I,258
CFE,BIA,D,76
CFE,BIQ,D,60
CFE,BOD,D,50
CFE,CDG,D,65
CFE,CMN,I,154
CFE,CTA,C,131
CFE,DUB,C,112
CFE,DUS,C,80
CFE,FCO,C,94
CFE,FRA,C,77
CFE,GVA,C,50
CFE,IST,I,190
CFE,LCY,C,81
CFE,LHR,C,82
CFE,LIG,D,42
CFE,LIL,D,85
CFE,LIS,C,126
CFE,LYS,D,40
CFE,MAD,C,90
CFE,MLH,D,65
CFE,MPL,D,50
CFE,MRS,D,55
CFE,MUC,C,82
CFE,MXP,C,65
CFE,NCE,D,70
CFE,NTE,D,60
CFE,ORY,D,55
CFE,PMO,C,120
CFE,PRG,C,102
CFE,PUF,D,60
CFE,RNS,D,64
CFE,SVO,I,227
CFE,SXB,D,65
CFE,TLS,D,55
CFE,TUN,I,117
CFE,VCE,C,84
CFE,VIE,C,109
CFE,ZRH,C,64
CMN,AJA,I,159
CMN,AMS,I,205
CMN,BCN,I,122
CMN,BES,I,157
CMN,BEY,I,327
CMN,BIA,I,166
CMN,BIQ,I,123
CMN,BOD,I,135
CMN,CDG,I,185
CMN,CFE,I,154
CMN,CTA,I,187
CMN,DUB,I,198
CMN,DUS,I,203
CMN,FCO,I,178
CMN,FRA,I,201
CMN,GVA,I,168
CMN,IST,I,278
CMN,LCY,I,188
CMN,LHR,I,187
CMN,LIG,I,148
CMN,LIL,I,188
CMN,LIS,I,76
CMN,LYS,I,161
CMN,MAD,I,95
CMN,MLH,I,182
CMN,MPL,I,144
CMN,MRS,I,148
CMN,MUC,I,202
CMN,MXP,I,176
CMN,NCE,I,159
CMN,NTE,I,151
CMN,ORY,I,173
CMN,PMO,I,177
CMN,PRG,I,224
CMN,PUF,I,125
CMN,RNS,I,158
CMN,SVO,I,349
CMN,SXB,I,188
CMN,TLS,I,134
CMN,TUN,I,155
CMN,VCE,I,193
CMN,VIE,I,225
CMN,ZRH,I,185
CTA,AJA,C,85
CTA,AMS,C,168
CTA,BCN,C,120
CTA,BES,C,180
CTA,BEY,I,171
CTA,BIA,C,85
CTA,BIQ,C,146
CTA,BOD,C,146
CTA,CDG,C,153
CTA,CFE,C,131
CTA,CMN,I,187
CTA,DUB,C,211
CTA,DUS,C,155
CTA,FCO,C,80
CTA,FRA,C,142
CTA,GVA,C,122
CTA,IST,I,123
CTA,LCY,C,177
CTA,LHR,C,179
CTA,LIG,C,141
CTA,LIL,C,161
CTA,LIS,C,189
CTA,LYS,C,123
CTA,MAD,C,153
CTA,MLH,C,126
CTA,MPL,C,117
CTA,MRS,C,110
CTA,MUC,C,121
CTA,MXP,C,120
CTA,NCE,C,102
CTA,NTE,C,160
CTA,ORY,C,151
CTA,PMO,C,43
CTA,PRG,C,135
CTA,PUF,C,140
CTA,RNS,C,165
CTA,SVO,I,229
CTA,SXB,C,133
CTA,TLS,C,131
CTA,TUN,I,63
CTA,VCE,C,99
CTA,VIE,C,119
CTA,ZRH,C,122
DUB,AJA,C,158
DUB,AMS,C,87
DUB,BCN,C,142
DUB,BES,C,73
DUB,BEY,I,324
DUB,BIA,C,156
DUB,BIQ,C,117
DUB,BOD,C,108
DUB,CDG,C,115
DUB,CFE,C,112
DUB,CMN,I,198
DUB,CTA,C,211
DUB,DUS,C,99
DUB,FCO,C,172
DUB,FRA,C,112
DUB,GVA,C,119
DUB,IST,I,251
DUB,LCY,C,80
DUB,LHR,C,63
DUB,LIG,C,105
DUB,LIL,C,84
DUB,LIS,C,153
DUB,LYS,C,118
DUB,MAD,C,139
DUB,MLH,C,118
DUB,MPL,C,130
DUB,MRS,C,135
DUB,MUC,C,134
DUB,MXP,C,134
DUB,NCE,C,140
DUB,NTE,C,88
DUB,ORY,C,90
DUB,PMO,C,200
DUB,PRG,C,140
DUB,PUF,C,120
DUB,RNS,C,81
DUB,SVO,I,238
DUB,SXB,C,113
DUB,TLS,C,122
DUB,TUN,I,198
DUB,VCE,C,151
DUB,VIE,C,157
DUB,ZRH,C,123
DUS,AJA,C,109
DUS,AMS,C,43
DUS,BCN,C,118
DUS,BES,C,94
DUS,BEY,I,256
DUS,BIA,C,105
DUS,BIQ,C,110
DUS,BOD,C,98
DUS,CDG,C,75
DUS,CFE,C,80
DUS,CMN,I,203
DUS,CTA,C,155
DUS,DUB,C,99
DUS,FCO,C,115
DUS,FRA,C,44
DUS,GVA,C,72
DUS,IST,I,183
DUS,LCY,C,65
DUS,LHR,C,68
DUS,LIG,C,85
DUS,LIL,C,50
DUS,LIS,C,170
DUS,LYS,C,90
DUS,MAD,C,138
DUS,MLH,C,61
DUS,MPL,C,96
DUS,MRS,C,96
DUS,MUC,C,67
DUS,MXP,C,79
DUS,NCE,C,94
DUS,NTE,C,87
DUS,ORY,C,62
DUS,PMO,C,147
DUS,PRG,C,72
DUS,PUF,C,108
DUS,RNS,C,83
DUS,SVO,I,185
DUS,SXB,C,53
DUS,TLS,C,101
DUS,TUN,I,152
DUS,VCE,C,88
DUS,VIE,C,89
DUS,ZRH,C,63
FCO,AJA,C,51
FCO,AMS,C,127
FCO,BCN,C,93
FCO,BES,C,142
FCO,BEY,I,196
FCO,BIA,C,48
FCO,BIQ,C,116
FCO,BOD,C,113
FCO,CDG,C,130
FCO,CFE,C,94
FCO,CMN,I,178
FCO,CTA,C,75
FCO,DUB,C,172
FCO,DUS,C,115
FCO,FRA,C,102
FCO,GVA,C,82
FCO,IST,I,134
FCO,LCY,C,137
FCO,LHR,C,139
FCO,LIG,C,105
FCO,LIL,C,120
FCO,LIS,C,168
FCO,LYS,C,95
FCO,MAD,C,130
FCO,MLH,C,86
FCO,MPL,C,83
FCO,MRS,C,105
FCO,MUC,C,83
FCO,MXP,C,68
FCO,NCE,C,75
FCO,NTE,C,124
FCO,ORY,C,112
FCO,PMO,C,70
FCO,PRG,C,100
FCO,PUF,C,109
FCO,RNS,C,128
FCO,SVO,I,210
FCO,SXB,C,92
FCO,TLS,C,105
FCO,TUN,I,73
FCO,VCE,C,60
FCO,VIE,C,89
FCO,ZRH,C,82
FRA,AJA,C,98
FRA,AMS,C,57
FRA,BCN,C,112
FRA,BES,C,102
FRA,BEY,I,243
FRA,BIA,C,93
FRA,BIQ,C,109
FRA,BOD,C,98
FRA,CDG,C,80
FRA,CFE,C,77
FRA,CMN,I,201
FRA,CTA,C,142
FRA,DUB,C,112
FRA,DUS,C,44
FRA,FCO,C,102
FRA,GVA,C,65
FRA,IST,I,170
FRA,LCY,C,77
FRA,LHR,C,80
FRA,LIG,C,84
FRA,LIL,C,59
FRA,LIS,C,171
FRA,LYS,C,85
FRA,MAD,C,137
FRA,MLH,C,51
FRA,MPL,C,90
FRA,MRS,C,88
FRA,MUC,C,53
FRA,MXP,C,67
FRA,NCE,C,84
FRA,NTE,C,91
FRA,ORY,C,65
FRA,PMO,C,133
FRA,PRG,C,61
FRA,PUF,C,106
FRA,RNS,C,89
FRA,SVO,I,182
FRA,SXB,C,44
FRA,TLS,C,97
FRA,TUN,I,140
FRA,VCE,C,74
FRA,VIE,C,76
FRA,ZRH,C,52
GVA,AJA,C,69
GVA,AMS,C,82
GVA,BCN,C,78
GVA,BES,C,92
GVA,BEY,I,243
GVA,BIA,C,67
GVA,BIQ,C,81
GVA,BOD,C,75
GVA,CDG,C,70
GVA,CFE,C,45
GVA,CMN,I,168
GVA,CTA,C,122
GVA,DUB,C,119
GVA,DUS,C,72
GVA,FCO,C,82
GVA,FRA,C,65
GVA,IST,I,174
GVA,LCY,C,85
GVA,LHR,C,87
GVA,LIG,C,59
GVA,LIL,C,70
GVA,LIS,C,142
GVA,LYS,C,38
GVA,MAD,C,106
GVA,MLH,C,44
GVA,MPL,C,56
GVA,MRS,C,54
GVA,MUC,C,65
GVA,MXP,C,46
GVA,NCE,C,52
GVA,NTE,C,80
GVA,ORY,C,60
GVA,PMO,C,111
GVA,PRG,C,86
GVA,PUF,C,76
GVA,RNS,C,77
GVA,SVO,I,211
GVA,SXB,C,51
GVA,TLS,C,70
GVA,TUN,I,112
GVA,VCE,C,67
GVA,VIE,C,91
GVA,ZRH,C,47
IST,AJA,I,155
IST,AMS,I,196
IST,BCN,I,197
IST,BES,I,235
IST,BEY,I,104
IST,BIA,I,151
IST,BIQ,I,218
IST,BOD,I,212
IST,CDG,I,225
IST,CFE,I,190
IST,CMN,I,278
IST,CTA,I,123
IST,DUB,I,251
IST,DUS,I,183
IST,FCO,I,134
IST,FRA,I,170
IST,GVA,I,174
IST,LCY,I,216
IST,LHR,I,220
IST,LIG,I,202
IST,LIL,I,199
IST,LIS,I,272
IST,LYS,I,180
IST,MAD,I,234
IST,MLH,I,168
IST,MPL,I,184
IST,MRS,I,177
IST,MUC,I,148
IST,MXP,I,158
IST,NCE,I,165
IST,NTE,I,218
IST,ORY,I,198
IST,PMO,I,132
IST,PRG,I,143
IST,PUF,I,211
IST,RNS,I,220
IST,SVO,I,164
IST,SXB,I,170
IST,TLS,I,200
IST,TUN,I,155
IST,VCE,I,137
IST,VIE,I,124
IST,ZRH,I,162
LCY,AJA,C,124
LCY,AMS,C,56
LCY,BCN,C,116
LCY,BES,C,65
LCY,BEY,I,289
LCY,BIA,C,122
LCY,BIQ,C,98
LCY,BOD,C,86
LCY,CDG,C,70
LCY,CFE,C,81
LCY,CMN,I,188
LCY,CTA,C,177
LCY,DUB,C,80
LCY,DUS,C,65
LCY,FCO,C,137
LCY,FRA,C,77
LCY,GVA,C,85
LCY,IST,I,216
LCY,LHR,C,34
LCY,LIG,C,78
LCY,LIL,C,48
LCY,LIS,C,149
LCY,LYS,C,85
LCY,MAD,C,125
LCY,MLH,C,82
LCY,MPL,C,100
LCY,MRS,C,103
LCY,MUC,C,99
LCY,MXP,C,99
LCY,NCE,C,107
LCY,NTE,C,68
LCY,ORY,C,80
LCY,PMO,C,166
LCY,PRG,C,107
LCY,PUF,C,99
LCY,RNS,C,60
LCY,SVO,I,216
LCY,SXB,C,78
LCY,TLS,C,96
LCY,TUN,I,166
LCY,VCE,C,115
LCY,VIE,C,123
LCY,ZRH,C,87
LHR,AJA,C,126
LHR,AMS,C,59
LHR,BCN,C,116
LHR,BES,C,62
LHR,BEY,I,292
LHR,BIA,C,124
LHR,BIQ,C,97
LHR,BOD,C,86
LHR,CDG,C,80
LHR,CFE,C,82
LHR,CMN,I,187
LHR,CTA,C,179
LHR,DUB,C,63
LHR,DUS,C,68
LHR,FCO,C,139
LHR,FRA,C,80
LHR,GVA,C,87
LHR,IST,I,220
LHR,LCY,C,34
LHR,LIG,C,78
LHR,LIL,C,51
LHR,LIS,C,147
LHR,LYS,C,95
LHR,MAD,C,123
LHR,MLH,C,85
LHR,MPL,C,101
LHR,MRS,C,105
LHR,MUC,C,102
LHR,MXP,C,101
LHR,NCE,C,109
LHR,NTE,C,67
LHR,ORY,C,58
LHR,PMO,C,168
LHR,PRG,C,110
LHR,PUF,C,98
LHR,RNS,C,59
LHR,SVO,I,219
LHR,SXB,C,81
LHR,TLS,C,97
LHR,TUN,I,168
LHR,VCE,C,118
LHR,VIE,C,126
LHR,ZRH,C,90
LIG,AJA,D,86
LIG,AMS,C,88
LIG,BCN,C,69
LIG,BES,D,68
LIG,BEY,I,269
LIG,BIA,D,87
LIG,BIQ,D,56
LIG,BOD,D,44
LIG,CDG,D,75
LIG,CFE,D,42
LIG,CMN,I,148
LIG,CTA,C,141
LIG,DUB,C,105
LIG,DUS,C,85
LIG,FCO,C,105
LIG,FRA,C,84
LIG,GVA,C,59
LIG,IST,I,202
LIG,LCY,C,78
LIG,LHR,C,78
LIG,LIL,D,71
LIG,LIS,C,117
LIG,LYS,D,65
LIG,MAD,C,84
LIG,MLH,D,69
LIG,MPL,D,55
LIG,MRS,D,61
LIG,MUC,C,93
LIG,MXP,C,74
LIG,NCE,D,70
LIG,NTE,D,49
LIG,ORY,D,70
LIG,PMO,C,129
LIG,PRG,C,112
LIG,PUF,D,53
LIG,RNS,D,55
LIG,SVO,I,235
LIG,SXB,D,73
LIG,TLS,D,49
LIG,TUN,I,124
LIG,VCE,C,95
LIG,VIE,C,119
LIG,ZRH,C,74
LIL,AJA,D,109
LIL,AMS,C,48
LIL,BCN,C,108
LIL,BES,D,74
LIL,BEY,I,271
LIL,BIA,D,106
LIL,BIQ,D,95
LIL,BOD,D,80
LIL,CDG,D,43
LIL,CFE,D,85
LIL,CMN,I,188
LIL,CTA,C,161
LIL,DUB,C,84
LIL,DUS,C,50
LIL,FCO,C,120
LIL,FRA,C,59
LIL,GVA,C,70
LIL,IST,I,199
LIL,LCY,C,48
LIL,LHR,C,51
LIL,LIG,D,71
LIL,LIS,C,152
LIL,LYS,D,75
LIL,MAD,C,123
LIL,MLH,D,65
LIL,MPL,D,89
LIL,MRS,D,95
LIL,MUC,C,81
LIL,MXP,C,82
LIL,NCE,D,105
LIL,NTE,D,70
LIL,ORY,D,46
LIL,PMO,C,150
LIL,PRG,C,90
LIL,PUF,D,94
LIL,RNS,D,64
LIL,SVO,I,205
LIL,SXB,D,60
LIL,TLS,D,90
LIL,TUN,I,152
LIL,VCE,C,97
LIL,VIE,C,106
LIL,ZRH,C,70
LIS,AJA,C,147
LIS,AMS,C,169
LIS,BCN,C,105
LIS,BES,C,116
LIS,BEY,I,330
LIS,BIA,C,152
LIS,BIQ,C,92
LIS,BOD,C,110
LIS,CDG,C,150
LIS,CFE,C,126
LIS,CMN,I,76
LIS,CTA,C,189
LIS,DUB,C,153
LIS,DUS,C,170
LIS,FCO,C,168
LIS,FRA,C,171
LIS,GVA,C,142
LIS,IST,I,272
LIS,LCY,C,149
LIS,LHR,C,147
LIS,LIG,C,117
LIS,LIL,C,152
LIS,LYS,C,140
LIS,MAD,C,68
LIS,MLH,C,155
LIS,MPL,C,121
LIS,MRS,C,130
LIS,MUC,C,178
LIS,MXP,C,154
LIS,NCE,C,145
LIS,NTE,C,114
LIS,ORY,C,138
LIS,PMO,C,177
LIS,PRG,C,198
LIS,PUF,C,97
LIS,RNS,C,120
LIS,SVO,I,322
LIS,SXB,C,159
LIS,TLS,C,130
LIS,TUN,I,158
LIS,VCE,C,174
LIS,VIE,C,203
LIS,ZRH,C,159
LYS,AJA,D,90
LYS,AMS,C,120
LYS,BCN,C,80
LYS,BES,D,95
LYS,BEY,I,248
LYS,BIA,D,90
LYS,BIQ,D,75
LYS,BOD,D,65
LYS,CDG,D,75
LYS,CFE,D,40
LYS,CMN,I,161
LYS,CTA,C,123
LYS,DUB,C,118
LYS,DUS,C,85
LYS,FCO,C,90
LYS,FRA,C,95
LYS,GVA,C,38
LYS,IST,I,180
LYS,LCY,C,85
LYS,LHR,C,100
LYS,LIG,D,65
LYS,LIL,D,75
LYS,LIS,C,145
LYS,MAD,C,105
LYS,MLH,D,60
LYS,MPL,D,65
LYS,MRS,D,55
LYS,MUC,C,80
LYS,MXP,C,75
LYS,NCE,D,60
LYS,NTE,D,75
LYS,ORY,D,65
LYS,PMO,C,112
LYS,PRG,C,100
LYS,PUF,D,70
LYS,RNS,D,80
LYS,SVO,I,219
LYS,SXB,D,65
LYS,TLS,D,75
LYS,TUN,I,111
LYS,VCE,C,75
LYS,VIE,C,110
LYS,ZRH,C,70
MAD,AJA,C,109
MAD,AMS,C,140
MAD,BCN,C,66
MAD,BES,C,97
MAD,BEY,I,293
MAD,BIA,C,113
MAD,BIQ,C,58
MAD,BOD,C,75
MAD,CDG,C,125
MAD,CFE,C,90
MAD,CMN,I,95
MAD,CTA,C,153
MAD,DUB,C,139
MAD,DUS,C,138
MAD,FCO,C,130
MAD,FRA,C,137
MAD,GVA,C,106
MAD,IST,I,234
MAD,LCY,C,125
MAD,LHR,C,123
MAD,LIG,C,84
MAD,LIL,C,123
MAD,LIS,C,68
MAD,LYS,C,105
MAD,MLH,C,119
MAD,MPL,C,83
MAD,MRS,C,90
MAD,MUC,C,141
MAD,MXP,C,116
MAD,NCE,C,102
MAD,NTE,C,87
MAD,ORY,C,120
MAD,PMO,C,141
MAD,PRG,C,162
MAD,PUF,C,61
MAD,RNS,C,94
MAD,SVO,I,287
MAD,SXB,C,125
MAD,TLS,C,75
MAD,TUN,I,125
MAD,VCE,C,136
MAD,VIE,C,165
MAD,ZRH,C,123
MLH,AJA,D,78
MLH,AMS,C,72
MLH,BCN,C,92
MLH,BES,D,97
MLH,BEY,I,239
MLH,BIA,D,74
MLH,BIQ,D,93
MLH,BOD,D,85
MLH,CDG,D,75
MLH,CFE,D,70
MLH,CMN,I,182
MLH,CTA,C,126
MLH,DUB,C,118
MLH,DUS,C,61
MLH,FCO,C,86
MLH,FRA,C,51
MLH,GVA,C,44
MLH,IST,I,168
MLH,LCY,C,82
MLH,LHR,C,85
MLH,LIG,D,69
MLH,LIL,D,65
MLH,LIS,C,155
MLH,LYS,D,55
MLH,MAD,C,119
MLH,MPL,D,69
MLH,MRS,D,67
MLH,MUC,C,54
MLH,MXP,C,48
MLH,NCE,D,63
MLH,NTE,D,82
MLH,ORY,D,70
MLH,PMO,C,117
MLH,PRG,C,73
MLH,PUF,D,89
MLH,RNS,D,85
MLH,SVO,I,198
MLH,SXB,D,38
MLH,TLS,D,79
MLH,TUN,I,121
MLH,VCE,C,63
MLH,VIE,C,81
MLH,ZRH,C,36
MPL,AJA,D,63
MPL,AMS,C,103
MPL,BCN,C,52
MPL,BES,D,93
MPL,BEY,I,249
MPL,BIA,D,65
MPL,BIQ,D,63
MPL,BOD,D,60
MPL,CDG,D,90
MPL,CFE,D,50
MPL,CMN,I,144
MPL,CTA,C,117
MPL,DUB,C,130
MPL,DUS,C,96
MPL,FCO,C,83
MPL,FRA,C,90
MPL,GVA,C,56
MPL,IST,I,184
MPL,LCY,C,100
MPL,LHR,C,101
MPL,LIG,D,55
MPL,LIL,D,89
MPL,LIS,C,121
MPL,LYS,D,65
MPL,MAD,C,83
MPL,MLH,D,69
MPL,MRS,D,38
MPL,MUC,C,89
MPL,MXP,C,63
MPL,NCE,D,50
MPL,NTE,D,80
MPL,ORY,D,85
MPL,PMO,C,105
MPL,PRG,C,111
MPL,PUF,D,57
MPL,RNS,D,80
MPL,SVO,I,235
MPL,SXB,D,76
MPL,TLS,D,46
MPL,TUN,I,99
MPL,VCE,C,82
MPL,VIE,C,112
MPL,ZRH,C,72
MRS,AJA,D,55
MRS,AMS,C,135
MRS,BCN,C,65
MRS,BES,D,100
MRS,BEY,I,242
MRS,BIA,D,55
MRS,BIQ,D,71
MRS,BOD,D,70
MRS,CDG,D,90
MRS,CFE,D,60
MRS,CMN,I,148
MRS,CTA,C,110
MRS,DUB,C,135
MRS,DUS,C,96
MRS,FCO,C,95
MRS,FRA,C,88
MRS,GVA,C,54
MRS,IST,I,177
MRS,LCY,C,103
MRS,LHR,C,105
MRS,LIG,D,61
MRS,LIL,D,95
MRS,LIS,C,145
MRS,LYS,D,55
MRS,MAD,C,90
MRS,MLH,D,67
MRS,MPL,D,38
MRS,MUC,C,84
MRS,MXP,C,85
MRS,NCE,D,42
MRS,NTE,D,85
MRS,ORY,D,80
MRS,PMO,C,98
MRS,PRG,C,125
MRS,PUF,D,64
MRS,RNS,D,90
MRS,SVO,I,230
MRS,SXB,D,80
MRS,TLS,D,55
MRS,TUN,I,94
MRS,VCE,C,76
MRS,VIE,C,107
MRS,ZRH,C,69
MUC,AJA,C,85
MUC,AMS,C,81
MUC,BCN,C,111
MUC,BES,C,119
MUC,BEY,I,220
MUC,BIA,C,78
MUC,BIQ,C,116
MUC,BOD,C,106
MUC,CDG,C,105
MUC,CFE,C,82
MUC,CMN,I,202
MUC,CTA,C,121
MUC,DUB,C,134
MUC,DUS,C,67
MUC,FCO,C,83
MUC,FRA,C,53
MUC,GVA,C,65
MUC,IST,I,148
MUC,LCY,C,99
MUC,LHR,C,102
MUC,LIG,C,93
MUC,LIL,C,81
MUC,LIS,C,178
MUC,LYS,C,85
MUC,MAD,C,141
MUC,MLH,C,54
MUC,MPL,C,89
MUC,MRS,C,84
MUC,MXP,C,57
MUC,NCE,C,75
MUC,NTE,C,105
MUC,ORY,C,82
MUC,PMO,C,114
MUC,PRG,C,52
MUC,PUF,C,111
MUC,RNS,C,105
MUC,SVO,I,176
MUC,SXB,C,53
MUC,TLS,C,101
MUC,TUN,I,125
MUC,VCE,C,53
MUC,VIE,C,57
MUC,ZRH,C,49
MXP,AJA,C,61
MXP,AMS,C,90
MXP,BCN,C,84
MXP,BES,C,108
MXP,BEY,I,227
MXP,BIA,C,56
MXP,BIQ,C,94
MXP,BOD,C,86
MXP,CDG,C,95
MXP,CFE,C,60
MXP,CMN,I,176
MXP,CTA,C,115
MXP,DUB,C,134
MXP,DUS,C,79
MXP,FCO,C,68
MXP,FRA,C,67
MXP,GVA,C,46
MXP,IST,I,158
MXP,LCY,C,99
MXP,LHR,C,101
MXP,LIG,C,74
MXP,LIL,C,82
MXP,LIS,C,154
MXP,LYS,C,75
MXP,MAD,C,116
MXP,MLH,C,48
MXP,MPL,C,63
MXP,MRS,C,90
MXP,MUC,C,57
MXP,NCE,C,70
MXP,NTE,C,95
MXP,ORY,C,74
MXP,PMO,C,105
MXP,PRG,C,79
MXP,PUF,C,88
MXP,RNS,C,93
MXP,SVO,I,202
MXP,SXB,C,55
MXP,TLS,C,85
MXP,TUN,I,104
MXP,VCE,C,51
MXP,VIE,C,79
MXP,ZRH,C,45
NCE,AJA,D,55
NCE,AMS,C,145
NCE,BCN,C,67
NCE,BES,D,115
NCE,BEY,I,230
NCE,BIA,D,55
NCE,BIQ,D,83
NCE,BOD,D,85
NCE,CDG,D,95
NCE,CFE,D,75
NCE,CMN,I,159
NCE,CTA,C,102
NCE,DUB,C,140
NCE,DUS,C,94
NCE,FCO,C,70
NCE,FRA,C,84
NCE,GVA,C,52
NCE,IST,I,165
NCE,LCY,C,107
NCE,LHR,C,109
NCE,LIG,D,70
NCE,LIL,D,100
NCE,LIS,C,155
NCE,LYS,D,55
NCE,MAD,C,102
NCE,MLH,D,63
NCE,MPL,D,50
NCE,MRS,D,42
NCE,MUC,C,75
NCE,MXP,C,65
NCE,NTE,D,95
NCE,ORY,D,85
NCE,PMO,C,90
NCE,PRG,C,97
NCE,PUF,D,76
NCE,RNS,D,100
NCE,SVO,I,220
NCE,SXB,D,80
NCE,TLS,D,85
NCE,TUN,I,90
NCE,VCE,C,64
NCE,VIE,C,96
NCE,ZRH,C,63
NTE,AJA,D,106
NTE,AMS,C,86
NTE,BCN,C,84
NTE,BES,D,40
NTE,BEY,I,287
NTE,BIA,D,106
NTE,BIQ,D,61
NTE,BOD,D,50
NTE,CDG,D,65
NTE,CFE,D,60
NTE,CMN,I,151
NTE,CTA,C,160
NTE,DUB,C,88
NTE,DUS,C,87
NTE,FCO,C,124
NTE,FRA,C,91
NTE,GVA,C,80
NTE,IST,I,218
NTE,LCY,C,68
NTE,LHR,C,67
NTE,LIG,D,49
NTE,LIL,D,65
NTE,LIS,C,114
NTE,LYS,D,75
NTE,MAD,C,87
NTE,MLH,D,82
NTE,MPL,D,80
NTE,MRS,D,80
NTE,MUC,C,105
NTE,MXP,C,95
NTE,NCE,D,90
NTE,ORY,D,56
NTE,PMO,C,148
NTE,PRG,C,122
NTE,PUF,D,63
NTE,RNS,D,38
NTE,SVO,I,242
NTE,SXB,D,80
NTE,TLS,D,60
NTE,TUN,I,143
NTE,VCE,C,112
NTE,VIE,C,132
NTE,ZRH,C,87
ORY,AJA,D,100
ORY,AMS,C,63
ORY,BCN,C,92
ORY,BES,D,70
ORY,BEY,I,269
ORY,BIA,D,95
ORY,BIQ,D,75
ORY,BOD,D,65
ORY,CDG,D,33
ORY,CFE,D,55
ORY,CMN,I,173
ORY,CTA,C,151
ORY,DUB,C,90
ORY,DUS,C,62
ORY,FCO,C,112
ORY,FRA,C,65
ORY,GVA,C,60
ORY,IST,I,198
ORY,LCY,C,65
ORY,LHR,C,58
ORY,LIG,D,65
ORY,LIL,D,46
ORY,LIS,C,138
ORY,LYS,D,65
ORY,MAD,C,115
ORY,MLH,D,60
ORY,MPL,D,80
ORY,MRS,D,75
ORY,MUC,C,82
ORY,MXP,C,74
ORY,NCE,D,80
ORY,NTE,D,56
ORY,PMO,C,140
ORY,PRG,C,96
ORY,PUF,D,75
ORY,RNS,D,60
ORY,SVO,I,216
ORY,SXB,D,60
ORY,TLS,D,70
ORY,TUN,I,140
ORY,VCE,C,93
ORY,VIE,C,108
ORY,ZRH,C,66
PMO,AJA,C,73
PMO,AMS,C,159
PMO,BCN,C,107
PMO,BES,C,168
PMO,BEY,I,183
PMO,BIA,C,74
PMO,BIQ,C,134
PMO,BOD,C,134
PMO,CDG,C,142
PMO,CFE,C,120
PMO,CMN,I,177
PMO,CTA,C,43
PMO,DUB,C,200
PMO,DUS,C,147
PMO,FCO,C,70
PMO,FRA,C,133
PMO,GVA,C,111
PMO,IST,I,132
PMO,LCY,C,166
PMO,LHR,C,168
PMO,LIG,C,129
PMO,LIL,C,150
PMO,LIS,C,177
PMO,LYS,C,112
PMO,MAD,C,141
PMO,MLH,C,117
PMO,MPL,C,105
PMO,MRS,C,98
PMO,MUC,C,114
PMO,MXP,C,105
PMO,NCE,C,90
PMO,NTE,C,148
PMO,ORY,C,140
PMO,PRG,C,130
PMO,PUF,C,127
PMO,RNS,C,154
PMO,SVO,I,230
PMO,SXB,C,124
PMO,TLS,C,118
PMO,TUN,I,53
PMO,VCE,C,91
PMO,VIE,C,116
PMO,ZRH,C,113
PRG,AJA,C,105
PRG,AMS,C,83
PRG,BCN,C,132
PRG,BES,C,133
PRG,BEY,I,217
PRG,BIA,C,99
PRG,BIQ,C,136
PRG,BOD,C,126
PRG,CDG,C,110
PRG,CFE,C,102
PRG,CMN,I,224
PRG,CTA,C,135
PRG,DUB,C,140
PRG,DUS,C,72
PRG,FCO,C,100
PRG,FRA,C,61
PRG,GVA,C,86
PRG,IST,I,143
PRG,LCY,C,107
PRG,LHR,C,110
PRG,LIG,C,112
PRG,LIL,C,90
PRG,LIS,C,198
PRG,LYS,C,100
PRG,MAD,C,162
PRG,MLH,C,73
PRG,MPL,C,111
PRG,MRS,C,125
PRG,MUC,C,52
PRG,MXP,C,79
PRG,NCE,C,97
PRG,NTE,C,122
PRG,ORY,C,96
PRG,PMO,C,130
PRG,PUF,C,132
PRG,RNS,C,120
PRG,SVO,I,155
PRG,SXB,C,69
PRG,TLS,C,122
PRG,TUN,I,143
PRG,VCE,C,70
PRG,VIE,C,50
PRG,ZRH,C,69
PUF,AJA,D,88
PUF,AMS,C,111
PUF,BCN,C,53
PUF,BES,D,79
PUF,BEY,I,275
PUF,BIA,D,91
PUF,BIQ,D,37
PUF,BOD,D,43
PUF,CDG,D,90
PUF,CFE,D,60
PUF,CMN,I,125
PUF,CTA,C,140
PUF,DUB,C,120
PUF,DUS,C,108
PUF,FCO,C,109
PUF,FRA,C,106
PUF,GVA,C,76
PUF,IST,I,211
PUF,LCY,C,99
PUF,LHR,C,98
PUF,LIG,D,53
PUF,LIL,D,94
PUF,LIS,C,97
PUF,LYS,D,70
PUF,MAD,C,61
PUF,MLH,D,89
PUF,MPL,D,57
PUF,MRS,D,64
PUF,MUC,C,111
PUF,MXP,C,88
PUF,NCE,D,76
PUF,NTE,D,63
PUF,ORY,D,80
PUF,PMO,C,127
PUF,PRG,C,132
PUF,RNS,D,71
PUF,SVO,I,256
PUF,SXB,D,94
PUF,TLS,D,41
PUF,TUN,I,117
PUF,VCE,C,108
PUF,VIE,C,136
PUF,ZRH,C,93
RNS,AJA,D,111
RNS,AMS,C,80
RNS,BCN,C,91
RNS,BES,D,45
RNS,BEY,I,290
RNS,BIA,D,110
RNS,BIQ,D,68
RNS,BOD,D,60
RNS,CDG,D,60
RNS,CFE,D,64
RNS,CMN,I,158
RNS,CTA,C,165
RNS,DUB,C,81
RNS,DUS,C,83
RNS,FCO,C,128
RNS,FRA,C,89
RNS,GVA,C,77
RNS,IST,I,220
RNS,LCY,C,60
RNS,LHR,C,59
RNS,LIG,D,55
RNS,LIL,D,64
RNS,LIS,C,120
RNS,LYS,D,75
RNS,MAD,C,94
RNS,MLH,D,80
RNS,MPL,D,75
RNS,MRS,D,85
RNS,MUC,C,105
RNS,MXP,C,93
RNS,NCE,D,95
RNS,NTE,D,38
RNS,ORY,D,65
RNS,PMO,C,154
RNS,PRG,C,120
RNS,PUF,D,71
RNS,SVO,I,238
RNS,SXB,D,80
RNS,TLS,D,65
RNS,TUN,I,149
RNS,VCE,C,114
RNS,VIE,C,132
RNS,ZRH,C,88
SVO,AJA,I,224
SVO,AMS,I,190
SVO,BCN,I,257
SVO,BES,I,249
SVO,BEY,I,215
SVO,BIA,I,217
SVO,BIQ,I,261
SVO,BOD,I,250
SVO,CDG,I,255
SVO,CFE,I,227
SVO,CMN,I,349
SVO,CTA,I,229
SVO,DUB,I,238
SVO,DUS,I,185
SVO,FCO,I,210
SVO,FRA,I,182
SVO,GVA,I,211
SVO,IST,I,164
SVO,LCY,I,216
SVO,LHR,I,219
SVO,LIG,I,235
SVO,LIL,I,205
SVO,LIS,I,322
SVO,LYS,I,219
SVO,MAD,I,287
SVO,MLH,I,198
SVO,MPL,I,235
SVO,MRS,I,230
SVO,MUC,I,176
SVO,MXP,I,202
SVO,NCE,I,220
SVO,NTE,I,242
SVO,ORY,I,216
SVO,PMO,I,230
SVO,PRG,I,155
SVO,PUF,I,256
SVO,RNS,I,238
SVO,SXB,I,193
SVO,TLS,I,246
SVO,TUN,I,251
SVO,VCE,I,188
SVO,VIE,I,155
SVO,ZRH,I,194
SXB,AJA,D,86
SXB,AMS,C,65
SXB,BCN,C,99
SXB,BES,D,97
SXB,BEY,I,242
SXB,BIA,D,81
SXB,BIQ,D,98
SXB,BOD,D,85
SXB,CDG,D,70
SXB,CFE,D,80
SXB,CMN,I,188
SXB,CTA,C,133
SXB,DUB,C,113
SXB,DUS,C,53
SXB,FCO,C,92
SXB,FRA,C,44
SXB,GVA,C,51
SXB,IST,I,170
SXB,LCY,C,78
SXB,LHR,C,81
SXB,LIG,D,73
SXB,LIL,D,60
SXB,LIS,C,159
SXB,LYS,D,60
SXB,MAD,C,125
SXB,MLH,D,38
SXB,MPL,D,76
SXB,MRS,D,75
SXB,MUC,C,53
SXB,MXP,C,55
SXB,NCE,D,80
SXB,NTE,D,85
SXB,ORY,D,60
SXB,PMO,C,124
SXB,PRG,C,69
SXB,PUF,D,94
SXB,RNS,D,80
SXB,SVO,I,193
SXB,TLS,D,85
SXB,TUN,I,129
SXB,VCE,C,67
SXB,VIE,C,79
SXB,ZRH,C,40
TLS,AJA,D,78
TLS,AMS,C,145
TLS,BCN,C,50
TLS,BES,D,82
TLS,BEY,I,265
TLS,BIA,D,80
TLS,BIQ,D,48
TLS,BOD,D,46
TLS,CDG,D,90
TLS,CFE,D,55
TLS,CMN,I,134
TLS,CTA,C,131
TLS,DUB,C,122
TLS,DUS,C,101
TLS,FCO,C,105
TLS,FRA,C,97
TLS,GVA,C,65
TLS,IST,I,200
TLS,LCY,C,96
TLS,LHR,C,97
TLS,LIG,D,49
TLS,LIL,D,95
TLS,LIS,C,130
TLS,LYS,D,70
TLS,MAD,C,75
TLS,MLH,D,79
TLS,MPL,D,46
TLS,MRS,D,55
TLS,MUC,C,101
TLS,MXP,C,80
TLS,NCE,D,80
TLS,NTE,D,60
TLS,ORY,D,80
TLS,PMO,C,118
TLS,PRG,C,122
TLS,PUF,D,41
TLS,RNS,D,70
TLS,SVO,I,246
TLS,SXB,D,90
TLS,TUN,I,110
TLS,VCE,C,97
TLS,VIE,C,126
TLS,ZRH,C,83
TUN,AJA,I,73
TUN,AMS,I,163
TUN,BCN,I,95
TUN,BES,I,162
TUN,BEY,I,203
TUN,BIA,I,78
TUN,BIQ,I,123
TUN,BOD,I,126
TUN,CDG,I,155
TUN,CFE,I,117
TUN,CMN,I,155
TUN,CTA,I,63
TUN,DUB,I,198
TUN,DUS,I,152
TUN,FCO,I,73
TUN,FRA,I,140
TUN,GVA,I,112
TUN,IST,I,155
TUN,LCY,I,166
TUN,LHR,I,168
TUN,LIG,I,124
TUN,LIL,I,152
TUN,LIS,I,158
TUN,LYS,I,111
TUN,MAD,I,125
TUN,MLH,I,121
TUN,MPL,I,99
TUN,MRS,I,94
TUN,MUC,I,125
TUN,MXP,I,104
TUN,NCE,I,90
TUN,NTE,I,143
TUN,ORY,I,140
TUN,PMO,I,53
TUN,PRG,I,143
TUN,PUF,I,117
TUN,RNS,I,149
TUN,SVO,I,251
TUN,SXB,I,129
TUN,TLS,I,110
TUN,VCE,I,103
TUN,VIE,I,132
TUN,ZRH,I,119
VCE,AJA,C,66
VCE,AMS,C,101
VCE,BCN,C,101
VCE,BES,C,129
VCE,BEY,I,206
VCE,BIA,C,60
VCE,BIQ,C,114
VCE,BOD,C,107
VCE,CDG,C,110
VCE,CFE,C,84
VCE,CMN,I,193
VCE,CTA,C,99
VCE,DUB,C,151
VCE,DUS,C,88
VCE,FCO,C,60
VCE,FRA,C,74
VCE,GVA,C,67
VCE,IST,I,137
VCE,LCY,C,115
VCE,LHR,C,118
VCE,LIG,C,95
VCE,LIL,C,97
VCE,LIS,C,174
VCE,LYS,C,85
VCE,MAD,C,136
VCE,MLH,C,63
VCE,MPL,C,82
VCE,MRS,C,76
VCE,MUC,C,53
VCE,MXP,C,51
VCE,NCE,C,64
VCE,NTE,C,112
VCE,ORY,C,93
VCE,PMO,C,91
VCE,PRG,C,70
VCE,PUF,C,108
VCE,RNS,C,114
VCE,SVO,I,188
VCE,SXB,C,67
VCE,TLS,C,97
VCE,TUN,I,103
VCE,VIE,C,63
VCE,ZRH,C,58
VIE,AJA,C,99
VIE,AMS,C,101
VIE,BCN,C,133
VIE,BES,C,146
VIE,BEY,I,198
VIE,BIA,C,92
VIE,BIQ,C,142
VIE,BOD,C,133
VIE,CDG,C,135
VIE,CFE,C,109
VIE,CMN,I,225
VIE,CTA,C,119
VIE,DUB,C,157
VIE,DUS,C,89
VIE,FCO,C,89
VIE,FRA,C,76
VIE,GVA,C,91
VIE,IST,I,124
VIE,LCY,C,123
VIE,LHR,C,126
VIE,LIG,C,119
VIE,LIL,C,106
VIE,LIS,C,203
VIE,LYS,C,120
VIE,MAD,C,165
VIE,MLH,C,81
VIE,MPL,C,112
VIE,MRS,C,107
VIE,MUC,C,57
VIE,MXP,C,79
VIE,NCE,C,96
VIE,NTE,C,132
VIE,ORY,C,108
VIE,PMO,C,116
VIE,PRG,C,50
VIE,PUF,C,136
VIE,RNS,C,132
VIE,SVO,I,155
VIE,SXB,C,79
VIE,TLS,C,126
VIE,TUN,I,132
VIE,VCE,C,63
VIE,ZRH,C,75
ZRH,AJA,C,76
ZRH,AMS,C,75
ZRH,BCN,C,94
ZRH,BES,C,103
ZRH,BEY,I,233
ZRH,BIA,C,71
ZRH,BIQ,C,98
ZRH,BOD,C,88
ZRH,CDG,C,100
ZRH,CFE,C,64
ZRH,CMN,I,185
ZRH,CTA,C,122
ZRH,DUB,C,123
ZRH,DUS,C,63
ZRH,FCO,C,82
ZRH,FRA,C,52
ZRH,GVA,C,47
ZRH,IST,I,162
ZRH,LCY,C,87
ZRH,LHR,C,90
ZRH,LIG,C,74
ZRH,LIL,C,70
ZRH,LIS,C,159
ZRH,LYS,C,70
ZRH,MAD,C,123
ZRH,MLH,C,36
ZRH,MPL,C,72
ZRH,MRS,C,69
ZRH,MUC,C,49
ZRH,MXP,C,45
ZRH,NCE,C,63
ZRH,NTE,C,87
ZRH,ORY,C,66
ZRH,PMO,C,113
ZRH,PRG,C,69
ZRH,PUF,C,93
ZRH,RNS,C,88
ZRH,SVO,I,194
ZRH,SXB,C,40
ZRH,TLS,C,83
ZRH,TUN,I,119
ZRH,VCE,C,58
ZRH,VIE,C,75
